Component;Sequence;Location;start;end;Modification;mz;charge;rt;Peak;Reference;Control
KIKVYLPR_DON100_1;KIKVYLPR;277/279;277;284;DON100;372.8974;3;17.9;1;FALSE;FALSE
KIKVYLPR_DON100_2;KIKVYLPR;277/279;277;284;DON100;372.8974;3;18.12;2;FALSE;FALSE
KIKVYLPR_DON_1;KIKVYLPR;277/279;277;284;DON;465.6025;3;22.74;1;FALSE;FALSE
KIKVYLPR_DON_2;KIKVYLPR;277/279;277;284;DON;465.6025;3;23.54;2;FALSE;FALSE
TQINKVVR;TQINKVVR;;51;58;;319.8662;3;8.88;1;FALSE;FALSE
TQINKVVRDON82;TQINKVVR;55;51;58;DON82;520.2984;2;14.37;1;FALSE;FALSE
TQINKVVRDON100;TQINKVVR;55;51;58;DON100;529.3037;2;13.02;1;FALSE;FALSE
VASMASEKMK;VASMASEKMK;;219;228;;541.2727;2;8.52;1;FALSE;FALSE
KIKVYLPR_DON82_1;KIKVYLPR;277/279;277;284;DON82;549.8371;2;18.57;1;FALSE;FALSE
KIKVYLPR_DON82_2;KIKVYLPR;277/279;277;284;DON82;549.8371;2;19;2;FALSE;FALSE
VASMASEKMK_DON82;VASMASEKMK;226;219;228;DON82;582.2754;2;13.73;1;FALSE;FALSE
VASMASEKMK_DON100;VASMASEKMK;226;219;228;DON100;591.2807;2;12.24;1;FALSE;FALSE
ISQAVHAAHAEINEAGR;ISQAVHAAHAEINEAGR;;323;339;;444.2302;4;11.18;1;FALSE;TRUE
TQINKVVRDON;TQINKVVR;55;51;58;DON;668.3614;2;18.43;1;FALSE;FALSE
HIATNAVLFFGR;HIATNAVLFFGR;;370;381;;673.3724;2;24.52;1;FALSE;TRUE
LYAEERYPILPEYLQCVKELYR;LYAEERYPILPEYLQCVKELYR;;105;126;;712.1203;4;32.59;1;FALSE;FALSE
VASMASEKMK_DON;VASMASEKMK;226;219;228;DON;730.3384;2;17.94;1;FALSE;FALSE
KIKVYLPR_DON_DON82_1;KIKVYLPR;277/279;277;284;DON, DON82;738.9029;2;28.16;1;FALSE;FALSE
KIKVYLPR_DON_DON82_2;KIKVYLPR;277/279;277;284;DON, DON82;738.9029;2;28.6;2;FALSE;FALSE
ELYRGGLEPINFQTAADQAR;ELYRGGLEPINFQTAADQAR;;123;142;;750.3818;3;23.45;1;FALSE;TRUE
DILNQITKPNDVYSFSLASR;DILNQITKPNDVYSFSLASR;;85;104;;761.0656;3;29.69;1;FALSE;FALSE
VTEQESKPVQMMYQIGLFR;VTEQESKPVQMMYQIGLFR;;200;218;;762.0537;3;31.19;1;FALSE;FALSE
VTEQESKPVQMMYQIGLFR_DON82;VTEQESKPVQMMYQIGLFR;206;200;218;DON82;789.3888;3;37.3;1;FALSE;FALSE
LTEWTSSNVMEER;LTEWTSSNVMEER;;264;276;;791.3643;2;17.92;1;FALSE;TRUE
DILNQITKPNDVYSFSLASR_DON100;DILNQITKPNDVYSFSLASR;92;85;104;DON100;794.4043;3;31.87;1;FALSE;FALSE
VTEQESKPVQMMYQIGLFR_DON100;VTEQESKPVQMMYQIGLFR;206;200;218;DON100;795.3923;3;35.84;1;FALSE;FALSE
GGLEPINFQTAADQAR;GGLEPINFQTAADQAR;;127;142;;844.4236;2;21.68;1;FALSE;TRUE
KIKVYLPR_DON2X;KIKVYLPR;277/279;277;284;DON, DON;886.9659;2;31.65;2;FALSE;FALSE
DILNQITKPNDVYSFSLASR_DON;DILNQITKPNDVYSFSLASR;92;85;104;DON;887.1094;3;35.01;1;FALSE;FALSE
VTEQESKPVQMMYQIGLFR_DON;VTEQESKPVQMMYQIGLFR;206;200;218;DON;888.0975;3;38.92;1;FALSE;FALSE
ELINSWVESQTNGIIR;ELINSWVESQTNGIIR;;143;158;;929.9865;2;28.69;1;TRUE;TRUE
LYAEERYPILPEYLQCVKELYR_DON82;LYAEERYPILPEYLQCVKELYR;122;105;126;DON82;976.4931;3;38.08;1;FALSE;FALSE
LYAEERYPILPEYLQCVKELYR_DON100;LYAEERYPILPEYLQCVKELYR;122;105;126;DON100;982.4966;3;36.56;1;FALSE;FALSE
LYAEERYPILPEYLQCVKELYR_DON;LYAEERYPILPEYLQCVKELYR;122;105;126;DON;1075.2018;3;38.9;1;FALSE;FALSE
DILNQITKPNDVYSFSLASR_DON82;DILNQITKPNDVYSFSLASR;92;85;104;DON82;788.4008;3;33.03;1;FALSE;FALSE
KIKVYLPR;KIKVYLPR;;277;284;;339.5587;3;14.46;1;FALSE;FALSE
